herd,year,est,sd,season_int
Telkwa,2011,0.4045285562131911,0.09745089103411436,1
Brazeau,1994,0.4090909090909091,0.08830583533673635,2
Brazeau,1997,0.14285714285714285,0.12371791482634838,2
Brazeau,1999,0.23076923076923078,0.10533126105868579,2
Brazeau,2001,0.2727272727272727,0.11902794012872311,2
Brazeau,2002,0,0,2
Brazeau,2017,0.4,0.1851640199545103,2
Brazeau,2018,0.3333333333333333,0.16666666666666669,2
Brazeau,2019,0.25,0.13693063937629152,2
Brazeau,2020,0.3333333333333333,0.16666666666666669,2
Brazeau,2021,0.16666666666666666,0.14085904245475278,2
Maligne,1994,0.3225806451612903,0.07300557488378943,2
Maligne,1997,0.08108108108108109,0.04315870114235489,2
Maligne,1999,0.2830188679245283,0.05462696871176343,2
Maligne,2001,0.17142857142857143,0.05885924017778028,2
Maligne,2002,0.5,0.14433756729740643,2
Takla,1993,0.20588235294117646,0.04465242594242417,1
Takla,1995,0.25,0.04841229182759271,1
Brazeau,2004,0.3333333333333333,0.11785113019775792,2
Brazeau,2015,0.16666666666666666,0.14085904245475278,2
Brazeau,2016,0.3333333333333333,0.13608276348795434,2
Burnt Pine,2008,0.18181818181818182,0.10697243734810039,1
Central Rockies,2002,0,0,1
Chase,2006,0.29126056047349763,0.04688261722621507,1
Columbia South,2006,0.04,0.03843075691322091,1
Frisby-Boulder,2006,0.23076923076923078,0.10533126105868579,1
Frisby-Boulder,2008,0.09090909090909091,0.08298826628866153,1
Groundhog,2021,0.25925925925925924,0.07515550462161368,1
Maligne,2010,0.3333333333333333,0.23570226039551584,2
Monashee,2002,0,0,1
Monashee,2006,0.16666666666666666,0.14085904245475278,1
Purcells South,2002,0.18181818181818182,0.10697243734810039,1
Barkerville,1994,0.18181818181818182,0.06176056549879613,1
Barkerville,1995,0.1,0.09045340337332909,1
Barkerville,1996,0.07142857142857142,0.06649638116080449,1
Barkerville,1997,0.25,0.06123724356957945,1
Brazeau,2005,0.3076923076923077,0.1119395192475383,2
Brazeau,2014,0,0,2
Columbia South,2008,0,0,1
Frisby-Boulder,1994,0.09090909090909091,0.04791329788133908,1
Frisby-Boulder,2004,0.3333333333333333,0.11785113019775792,1
Maligne,2006,0.14285714285714285,0.12371791482634838,2
Maligne,2007,0.4,0.1851640199545103,2
Maligne,2008,0,0,2
Maligne,2009,0.3333333333333333,0.23570226039551584,2
Telkwa,2010,0.20226427810659556,0.08863600391305174,1
Maligne,2013,0.2,0.16329931618554522,2
Maligne,2014,0,0,2
Monashee,2004,0.16666666666666666,0.14085904245475278,1
Purcells Central,1997,0.07001455780612924,0.07121693075173473,1
Purcells South,2000,0.08333333333333333,0.07665551758398331,1
Rainbows,2021,0.5,0.10206207261596575,3
Barkerville,2000,0.11764705882352941,0.05226607744933168,1
Barkerville,2001,0.34615384615384615,0.08041523681967341,1
Brazeau,2006,0.14285714285714285,0.07142857142857142,2
Brazeau,2010,0.2857142857142857,0.15058465048420855,2
Brazeau,2011,0.2,0.16329931618554522,2
Columbia South,2002,0.20833333333333334,0.07541392800006155,1
Columbia South,2004,0.1875,0.06331702814118473,1
Columbia South,2007,0.03225806451612903,0.03123373666296304,1
Columbia South,2009,0.18181818181818182,0.10697243734810039,1
Telkwa,2005,0.1736885155483013,0.055118755743164126,1
Klinse-Za,2012,0.13636363636363635,0.06863485850246136,1
Maligne,2005,0.16666666666666666,0.14085904245475278,2
Purcells Central,1996,0.08333333333333333,0.07665551758398331,1
Purcells South,1998,0,0,1
Barkerville,1993,0.45454545454545453,0.12448239943299229,1
Brazeau,2009,0.3,0.1270977818604485,2
Brazeau,2012,0.375,0.14596855203028555,2
Frisby-Boulder,1996,0.3333333333333333,0.10540925533894598,1
Frisby-Boulder,1997,0.12903225806451613,0.056665165526043865,1
Purcells South,1994,0.058823529411764705,0.03201947376187161,1
Purcells South,1997,0.12,0.06141195788629908,1
Purcells South,2013,0.17647058823529413,0.08524339262464375,1
South Selkirks,1991,0.175,0.055423898370994235,1
Barkerville,1998,0.13043478260869565,0.06604821959241304,1
Barkerville,1999,0.3333333333333333,0.10540925533894598,1
Brazeau,2007,0.21428571428571427,0.09951864943131943,2
Brazeau,2008,0.17647058823529413,0.08524339262464375,2
Central Rockies,1997,0.0625,0.058708527289232766,1
Frisby-Boulder,2002,0.3333333333333333,0.10540925533894598,1
Kennedy Siding,2021,0.25316455696202533,0.04370149710357074,1
Nakusp,2019,0.043478260869565216,0.0416272655546234,1
Purcells South,1996,0.02022642781065956,0.021733762085414478,1
South Selkirks,1992,0.06818181818181818,0.03676638666396588,1
Telkwa,2018,0.29411764705882354,0.09714386162879653,1
Wells Gray North,2002,0.20666666666666667,0.0300970396991046,1
Wolverine,2000,0.08751819725766155,0.027610747339191534,1
Barkerville,2002,0.20588235294117646,0.06314806636063648,1
Columbia North,2008,0.16981132075471697,0.033717928142336075,1
South Selkirks,1993,0.1590909090909091,0.051216761911475894,1
Telkwa,2019,0.3888888888888889,0.09749960430435692,1
Barkerville,2004,0.10344827586206896,0.0538361896413655,1
Barkerville,2005,0.2571428571428571,0.06588909555306921,1
Barkerville,2006,0.13333333333333333,0.04760036981969445,1
Chase,2008,0.209706388214565,0.023050870722005658,1
Columbia North,2002,0.1328125,0.02818330880989913,1
Maligne,2004,0.26666666666666666,0.10145145470035762,2
Purcells South,1995,0.016129032258064516,0.01587095109045455,1
South Selkirks,1994,0.125,0.04930066485916347,1
Telkwa,2021,0.30434782608695654,0.08400798113733007,1
Telkwa,2009,0.09079172403661204,0.05040034571198054,1
Wells Gray North,2001,0.2125984251968504,0.03296991296687495,1
Wolverine,2004,0.24650958894241334,0.032850267932209805,1
Graham,1988,0.20114942528735633,0.027728031003304288,1
Kennedy Siding,2012,0.17142857142857143,0.05885924017778028,1
Nakusp,2018,0.14814814814814814,0.06380420512697103,1
Quintette,2002,0.20835296792084584,0.03498720814698309,1
Quintette,2003,0.23882178903615234,0.059514138969954326,1
Wells Gray North,1999,0.1796875,0.031243532029321182,1
Wells Gray North,2006,0.2,0.02760262237369417,1
Chase,2007,0.17720261609931473,0.018619224440148945,1
Columbia South,1997,0.17721518987341772,0.03959607430736361,1
Duncan,2002,0.3076923076923077,0.1119395192475383,1
Graham,1989,0.046793819332192406,0.03087989012773477,1
Hart North,2008,0.1,0.027272727272727275,1
Hart North,2012,0.09900990099009901,0.028349005813165004,1
Nakusp,2002,0.1875,0.04477189996321118,1
Nakusp,2021,0.07692307692307693,0.050357974669844395,1
Wells Gray North,2000,0.14728682170542637,0.02913081096853865,1
Wells Gray North,2003,0.1111111111111111,0.03513641844631533,1
Wolverine,2010,0.13064142075180216,0.02307868533638854,1
Chase,2002,0.1388424281918156,0.025173242618051043,1
Columbia North,2006,0.16822429906542055,0.03345742180974123,1
Columbia South,1996,0.14084507042253522,0.038651295884909134,1
Kennedy Siding,2011,0.04334234530855619,0.03210475535539248,1
Klinse-Za,2020,0.16209623690236585,0.05083429849674551,1
Quintette,2004,0.135582307894674,0.04042460487433945,1
Telkwa,2007,0.23677057444841967,0.05014920321232756,1
Wolverine,2007,0.18977393877127274,0.02070001555185881,1
Chase,2000,0.11690504147445434,0.030168017187276477,1
Columbia North,1996,0.23703703703703705,0.03290800824488085,1
Telkwa,2006,0.3329029881342442,0.05636191927797645,1
Wells Gray North,2005,0.17391304347826086,0.02757071684670556,1
Columbia North,1994,0.24096385542168675,0.02979707060290623,1
Columbia North,2004,0.16216216216216217,0.032453376853364135,1
Columbia South,1994,0.14130434782608695,0.03399403716781759,1
Hart North,2013,0.2,0.043643578047198484,1
Hart North,2019,0.23004783279156749,0.040702825344406654,1
Hart North,2020,0.1936572875488681,0.03833103785635327,1
North Cariboo,2020,0.1695450566481757,0.03539345748959854,1
Telkwa,2008,0.0926832182873748,0.037040539149598754,1
Wells Gray North,2004,0.23026315789473684,0.03078665903262002,1
Wolverine,2008,0.16303557914274328,0.020586559715592406,1
Duncan,1996,0.2,0.06666666666666668,1
Hart North,2007,0.15217391304347827,0.0284855710172595,1
Nakusp,1996,0.10967741935483871,0.02382692963445441,1
Quintette,2005,0.1202459357384823,0.04441820030608021,1
Wells Gray North,1997,0.07894736842105263,0.018833633826856495,1
Wells Gray North,1998,0.12195121951219512,0.024123675855943428,1
Columbia North,2021,0.16176470588235295,0.029295189674380055,1
North Cariboo,2018,0.15126050420168066,0.030611858308938474,1
Quintette,2006,0.12948169285092598,0.03709428353797423,1
Tweedsmuir,2012,0.08857401516450705,0.03928047723786249,1
Tweedsmuir,2016,0.09950907876506347,0.02958128516970636,1
Hart North,2021,0.2127659574468085,0.03833103785635327,1
Quintette,2007,0.11681500550681365,0.03399403716781759,1
Wells Gray North,1993,0.20670391061452514,0.027552761166935058,1
Hart South,2021,0.18487394957983194,0.023116692285487885,1
Wells Gray North,1996,0.12682926829268293,0.02189542293361033,1
Columbia North,1997,0.1340782122905028,0.023915001916113506,1
Duncan,1999,0.08333333333333333,0.054203636298999235,1
Hart North,2010,0.15503875968992248,0.02965141357062868,1
Nakusp,1999,0.07857142857142857,0.02189649933974803,1
Tweedsmuir,2017,0.05729540254865804,0.024438789759651334,1
Wells Gray North,1995,0.19704433497536947,0.025516706786421584,1
Chase,2009,0.1580570610639611,0.019179961518441497,1
Quintette,2008,0.16098585400320872,0.029009415124561264,1
Tweedsmuir,2018,0.26606140953629703,0.04356491276131163,1
Graham,2021,0.207995585974784,0.03384437515043391,1
Klinse-Za,2021,0.16091954022988506,0.036563310317951334,1
Tweedsmuir,2019,0.14140763824509023,0.03991474465093115,1
Wells Gray North,1994,0.19138755980861244,0.02493029332232208,1
Wolverine,2009,0.1122700398300927,0.02059252521631632,1
Chase,2010,0.14750102494334738,0.02149144775740739,1
Hart North,2009,0.13076923076923078,0.027807481870556396,1
Tweedsmuir,2021,0.24880985489576737,0.026526153366761826,1
Wolverine,2002,0.2978801186660771,0.038832736618240445,1
Duncan,1997,0.09090909090909091,0.05868156585162753,1
Graham,2016,0.11030068953208241,0.026534761488497725,1
Nakusp,1997,0.07471264367816093,0.019227134423600786,1
Itcha-Ilgachuz,2020,0.08577699752164525,0.020209370867127718,3
Hart South,2020,0.1858303055104347,0.023711256060685484,1
Klinse-Za,2011,0.05010247322436763,0.040331825796890444,1
Chase,2021,0.18554704435436453,0.018154173854898675,1
Hart South,2019,0.22395833333333334,0.02719519656146189,1
North Cariboo,2021,0.12718320126185628,0.03521059293977411,1
Itcha-Ilgachuz,2019,0.11294117647058824,0.014553645542589654,3
Barkerville,1987,0.03125,0.030288230287347492,1
Barkerville,1988,0.1875,0.06331702814118473,1
Barkerville,1989,0.05714285714285714,0.03815953390148521,1
Barkerville,1991,0.24,0.07670639456878374,1
Barkerville,1992,0.13636363636363635,0.06863485850246136,1
Barkerville,2011,0.2765957446808511,0.057748093576800795,1
Barkerville,2012,0.13846153846153847,0.04015004641853909,1
Barkerville,2013,0.23076923076923078,0.10533126105868579,1
Barkerville,2016,0.13333333333333333,0.04760036981969445,1
Barkerville,2018,0.07894736842105263,0.042113285500190625,1
Barkerville,2020,0.15,0.05264730886222754,1
Burnt Pine,2002,0.05263157894736842,0.049930699897395465,1
Burnt Pine,2003,0.1180986868860094,0.08748177652797065,1
Burnt Pine,2004,0.13778180136701096,0.09960238411119948,1
Burnt Pine,2005,0.10333635102525823,0.11023963796102461,1
Burnt Pine,2006,0.11022544109360878,0.08244625898677897,1
Central Rockies,1995,0.14285714285714285,0.12371791482634838,1
Charlotte Alplands,1994,0.16533816164041318,0.06172133998483677,1
Charlotte Alplands,1999,0.0992028969842479,0.04266954013312557,2
Charlotte Alplands,2000,0.041334540410103295,0.04755948656056709,2
Charlotte Alplands,2002,0.1180986868860094,0.12371791482634838,1
Charlotte Alplands,2010,0.41334540410103293,0.2041241452319315,2
Charlotte Alplands,2013,0.33067632328082636,0.1851640199545103,2
Charlotte Alplands,2021,0.7142857142857143,0.09221388919541469,3
Chase,2017,0.19047619047619047,0.03206192043924469,1
Chase,2001,0.18074680171227692,0.0306870946217681,1
Columbia North,2007,0.15640096371390436,0.05904479037197993,1
Columbia North,2010,0.09612683816303091,0.04626874568338497,1
Columbia North,2011,0.09782608695652174,0.029560500750608083,1
Columbia North,2012,0.12197077498063266,0.04238811183793449,1
Columbia North,2013,0.16535433070866143,0.03053711477111534,1
Columbia North,2014,0.13484285207106372,0.03190210256348552,1
Columbia North,2016,0.11022544109360878,0.041223129493389486,1
Columbia North,2017,0.16379310344827586,0.031852079728722206,1
Columbia North,2018,0.10825712964550863,0.03461120215301208,1
Columbia North,2019,0.16533816164041318,0.047140452079103175,1
Columbia North,2020,0.14071332905567077,0.050675506054353,1
Columbia South,2011,0.36407570059187205,0.1851640199545103,1
Columbia South,2013,0.2,0.16329931618554522,1
Duncan,1995,0.2,0.08164965809277261,1
Duncan,2007,0.125,0.11023963796102461,1
Duncan,2008,0,0,1
Duncan,2010,0,0,1
Frisby-Boulder,2013,0.1,0.09045340337332909,1
Graham,1999,0.11215448263346194,0.03535470845157284,1
Graham,1994,0.07223511916328731,0.026683263533385564,1
Graham,1995,0.21106999358350617,0.05676763238699571,1
Graham,2001,0.1664514940671221,0.055595000470939494,1
Graham,2002,0.1979557261781869,0.05014920321232756,1
Graham,2003,0.041372238703621826,0.025076240198516838,1
Graham,2009,0.09011417385723436,0.022918460986191398,1
Graham,2015,0.1319971987916898,0.02481817940513581,1
Graham,2017,0.12483862055034159,0.044712433894364176,1
Graham,2018,0.1733296549789866,0.06495058598845396,1
Graham,2019,0.13445983309750495,0.039115929315077375,1
Graham,2020,0.10174656100948504,0.03845099960986465,1
Groundhog,1999,0.2,0.08164965809277261,1
Groundhog,2006,0.21052631578947367,0.08500766874602614,1
Groundhog,2008,0.21052631578947367,0.08500766874602614,1
Groundhog,2010,0.125,0.11023963796102461,1
Groundhog,2011,0.5,0.2041241452319315,1
Groundhog,2013,0.2222222222222222,0.12535023884839247,1
Groundhog,2015,0.16666666666666666,0.09960238411119948,1
Groundhog,2017,0.18181818181818182,0.10697243734810039,1
Groundhog,2018,0.35714285714285715,0.10992625200912365,1
Groundhog,2019,0.38461538461538464,0.11467015269229691,1
Groundhog,2020,0.14814814814814814,0.06380420512697103,1
Hart North,2005,0.19298245614035087,0.04785705242797499,1
Hart North,2006,0.2565789473684211,0.031601758776667994,1
Hart North,2015,0.12264150943396226,0.030070026059312697,1
Hart North,2016,0.1956521739130435,0.03782404246894051,1
Hart South,2002,0.21145374449339208,0.02462379177898816,1
Hart South,2005,0.2185430463576159,0.0215425503646366,1
Hart South,2006,0.19444444444444445,0.02011824235938224,1
Hart South,2010,0.11194029850746269,0.018264432380805863,1
Hart South,2012,0.1262135922330097,0.017801888813050445,1
Hart South,2013,0.15246636771300448,0.02242326946152139,1
Hart South,2016,0.15204678362573099,0.02558240980528791,1
Itcha-Ilgachuz,1977,0.2495670364383595,0.03907917984129034,1
Itcha-Ilgachuz,1978,0.1687124098371563,0.01943578094868844,1
Itcha-Ilgachuz,1979,0.40984247694763437,0.02411127524475846,2
Itcha-Ilgachuz,1980,0.07005854306797168,0.017406437208850618,2
Itcha-Ilgachuz,1982,0.7118726403962234,0.02987520878989037,2
Itcha-Ilgachuz,1983,0.27707768846332975,0.015291136471824528,1
Itcha-Ilgachuz,1984,0.33067632328082636,0.01431007187251647,1
Itcha-Ilgachuz,1985,0.19066262047688529,0.012317850995905275,1
Itcha-Ilgachuz,1986,0.27164298078696025,0.011717106837847846,1
Itcha-Ilgachuz,1987,0.22361308746449324,0.011115773389982367,1
Itcha-Ilgachuz,1988,0.16730647308851332,0.014469562063935784,1
Itcha-Ilgachuz,1989,0.3163064833005894,0.01674779316134223,3
Itcha-Ilgachuz,1990,0.37028301886792453,0.014165650948211251,3
Itcha-Ilgachuz,1991,0.3728813559322034,0.013873053204330214,3
Itcha-Ilgachuz,1992,0.26846846846846845,0.011810324772864122,3
Itcha-Ilgachuz,1993,0.3614595210946408,0.013903427860974479,3
Itcha-Ilgachuz,1995,0.1301006873147977,0.009397571571810263,2
Itcha-Ilgachuz,1996,0.224006541577334,0.009441636815762993,1
Itcha-Ilgachuz,1997,0.16442469113411254,0.00803008798681152,1
Itcha-Ilgachuz,1998,0.1282529665061149,0.006226326577999103,1
Itcha-Ilgachuz,1999,0.17222725170876374,0.0075026856523836265,1
Itcha-Ilgachuz,2000,0.16533816164041318,0.007244047329500045,1
Itcha-Ilgachuz,2001,0.14982098789422554,0.007640257951860805,1
Itcha-Ilgachuz,2002,0.17990162665537185,0.007414556982184851,1
Itcha-Ilgachuz,2003,0.1797153930874056,0.007500712601547329,1
Itcha-Ilgachuz,2004,0.09325475580328182,0.016558732128122155,1
Itcha-Ilgachuz,2008,0.31952662721893493,0.011039811814910943,3
Itcha-Ilgachuz,2010,0.2677165354330709,0.009678155544267066,3
Itcha-Ilgachuz,2011,0.3538156590683845,0.012937232706128657,3
Itcha-Ilgachuz,2012,0.09945152579874476,0.008244360520755792,1
Itcha-Ilgachuz,2013,0.0746600894106956,0.011123331869822308,1
Itcha-Ilgachuz,2014,0.06716862816641786,0.00660326126148157,1
Itcha-Ilgachuz,2015,0.045453790141694345,0.013009606524300244,1
Itcha-Ilgachuz,2018,0.34507174918735123,0.02165411907189628,3
Itcha-Ilgachuz,2021,0.19798897507360402,0.02484784619842796,1
Kennedy Siding,1992,0.19288208557112843,0.039253945156268774,1
Kennedy Siding,2003,0.2188299198181939,0.0672787810290903,1
Kennedy Siding,2004,0.12434518726753391,0.04921529567847503,1
Kennedy Siding,2005,0.06889090068350548,0.038327758791991656,1
Kennedy Siding,2006,0.17636070574977405,0.04294415261942241,1
Kennedy Siding,2007,0.13644411397509826,0.0338879922090597,1
Kennedy Siding,2009,0.0590493434430047,0.033248190580402244,1
Kennedy Siding,2010,0.11215448263346194,0.06141195788629908,1
Kennedy Siding,2013,0.10782923585244338,0.06604821959241304,1
Kennedy Siding,2014,0.07515370983655144,0.08298826628866153,1
Kennedy Siding,2015,0.22045088218721756,0.10145145470035762,1
Kennedy Siding,2016,0.1111111111111111,0.044444444444444446,1
Kennedy Siding,2017,0.39366228962003136,0.0897007761637876,1
Kennedy Siding,2018,0.16071428571428573,0.04555389100693015,1
Kennedy Siding,2019,0.3050847457627119,0.05247238527489041,1
Kennedy Siding,2020,0.14473684210526316,0.037720705104674075,1
Klinse-Za,2013,0.1180986868860094,0.12371791482634838,1
Klinse-Za,1996,0.10365853658536585,0.022656874163081098,1
Klinse-Za,2002,0.048628871070709755,0.0554593553871802,1
Klinse-Za,2003,0.13227052931233055,0.06807703547174106,1
Klinse-Za,2004,0.15500452653788735,0.08954379992642236,1
Klinse-Za,2005,0.26667445425873093,0.07300557488378943,1
Klinse-Za,2006,0.20667270205051647,0.19364916731037085,1
Klinse-Za,2007,0.10333635102525823,0.11023963796102461,1
Klinse-Za,2008,0.19451548428283902,0.06545278120755138,1
Klinse-Za,2009,0.1180986868860094,0.050507627227610534,1
Klinse-Za,2010,0.12710841365125686,0.06120805589687156,1
Klinse-Za,2014,0.18370906848934795,0.08863600391305174,1
Klinse-Za,2015,0.13778180136701096,0.05750546327852952,1
Klinse-Za,2016,0.16533816164041318,0.054433105395181744,1
Klinse-Za,2017,0.20245489180458756,0.05505927488034983,1
Klinse-Za,2018,0.18370906848934795,0.05117402071909314,1
Klinse-Za,2019,0.12990855557461034,0.04043726731065713,1
Monashee,1994,0.42857142857142855,0.1564921592871903,1
Monashee,2008,0.25,0.19364916731037085,1
Nakusp,1974,0.1771480303290141,0.09951864943131943,1
Nakusp,1975,0.2254611295096543,0.11902794012872311,1
Nakusp,1976,0.4723947475440376,0.14920941939059815,1
Nakusp,1994,0.12121212121212122,0.02682774668985946,1
Nakusp,1995,0.16216216216216217,0.05621089758720647,1
Nakusp,2004,0.22807017543859648,0.050150369677316335,1
Nakusp,2005,0.2711864406779661,0.05133476470779908,1
Nakusp,2006,0.37037037037037035,0.05613643600724706,1
Nakusp,2007,0.18,0.05001694628077805,1
Nakusp,2008,0.18055555555555555,0.041721097345218276,1
Nakusp,2010,0.18461538461538463,0.04421502130288148,1
Nakusp,2012,0.11842105263157894,0.03504576955676639,1
Nakusp,2014,0.19047619047619047,0.05553287518900286,1
Nakusp,2015,0.13157894736842105,0.051549463258848134,1
Nakusp,2016,0.06060606060606061,0.040331825796890444,1
Nakusp,2017,0.07407407407407407,0.048632012170267615,1
Nakusp,2020,0.09090909090909091,0.08298826628866153,1
Narrow Lake,1999,0.11666666666666667,0.039219161391240535,1
Narrow Lake,2002,0.12962962962962962,0.043007012152559546,1
Narrow Lake,2005,0.05555555555555555,0.052550294607050956,1
Narrow Lake,2006,0.1,0.05222329678670935,1
Narrow Lake,2007,0.09090909090909091,0.041494133144330765,1
Narrow Lake,2008,0.17647058823529413,0.06027618097623293,1
Narrow Lake,2009,0,0,1
Narrow Lake,2010,0,0,1
Narrow Lake,2012,0.058823529411764705,0.0392156862745098,1
Narrow Lake,2014,0.05405405405405406,0.03620887173281533,1
Narrow Lake,2016,0.19230769230769232,0.07078487258360254,1
Narrow Lake,2017,0.3333333333333333,0.10540925533894598,1
Narrow Lake,2018,0.15384615384615385,0.09315847243376897,1
North Cariboo,1989,0.25196850393700787,0.03442980069436648,1
North Cariboo,1993,0.17692307692307693,0.030850821937456595,1
North Cariboo,1999,0.11206896551724138,0.01963913910603292,1
North Cariboo,2002,0.102803738317757,0.01976934042366253,1
North Cariboo,2005,0.2011173184357542,0.027336758000135637,1
North Cariboo,2006,0.21511627906976744,0.028422754004674932,1
North Cariboo,2010,0.16666666666666666,0.0424705992864688,1
North Cariboo,2011,0.10135135135135136,0.023638283253169926,1
North Cariboo,2014,0.06140350877192982,0.021824453243068594,1
North Cariboo,2016,0.1792452830188679,0.03430643222888138,1
Purcells Central,1994,0.15384615384615385,0.09315847243376897,1
Purcells Central,2003,0.2,0.16329931618554522,1
Purcells Central,2004,0.18203785029593603,0.16329931618554522,1
Purcells South,2003,0.125,0.11023963796102461,1
Purcells South,2004,0.1,0.09045340337332909,1
Purcells South,2005,0.1111111111111111,0.09938079899999065,1
Purcells South,2006,0.14285714285714285,0.08748177652797065,1
Purcells South,2007,0.07142857142857142,0.06649638116080449,1
Purcells South,2009,0.07692307692307693,0.07121693075173473,1
Purcells South,2010,0.07142857142857142,0.06649638116080449,1
Purcells South,2011,0.07142857142857142,0.06649638116080449,1
Purcells South,2012,0.4,0.13093073414159542,1
Purcells South,2014,0.25,0.19364916731037085,1
Purcells South,2015,0.11764705882352941,0.07391539558088744,1
Purcells South,2016,0.06666666666666667,0.06236095644623236,1
Purcells South,2017,0.08333333333333333,0.07665551758398331,1
Quintette,2009,0.11273056475482715,0.03962635403218794,1
Quintette,2010,0.2118473560854281,0.04962697841543963,1
Quintette,2011,0.15970163340267182,0.03852798652628219,1
Quintette,2012,0.06441746557418696,0.029422192200926078,1
Quintette,2013,0.07801622155540115,0.026218941013778488,1
Quintette,2014,0.26867451266567144,0.06433623351888286,1
Quintette,2015,0.1305301276108525,0.044884361338023246,1
Quintette,2016,0.18203785029593603,0.06666666666666668,1
Quintette,2017,0.18600543184546484,0.05965461817317881,1
Quintette,2018,0.21911963461547854,0.05223149340016087,1
Quintette,2019,0.3850800679337108,0.05743184447634623,1
Quintette,2020,0.21557113850834528,0.062013712011113324,1
Rainbows,1986,0.41334540410103293,0.03143473067309657,1
Rainbows,1987,0.19124936607659732,0.02430588356397964,1
Rainbows,1988,0.10152343258621861,0.02697915286093182,1
Rainbows,1989,0.4482758620689655,0.04087923988715994,3
Rainbows,1996,0.10333635102525823,0.018575024784406747,1
Rainbows,1997,0.023962052411654083,0.009885691753469143,1
Rainbows,1998,0.06012296786924115,0.015982710418027863,1
Rainbows,1999,0.09612683816303091,0.019729059449146467,1
Rainbows,2000,0.12718320126185628,0.022594248339154153,1
Rainbows,2001,0.16533816164041318,0.04147806778921702,1
Rainbows,2002,0.06048957133185848,0.039259270974779985,1
Rainbows,2003,0.09447894950880753,0.050946047328098786,1
Rainbows,2008,0.25,0.19364916731037085,2
Rainbows,2009,0.15789473684210525,0.05497189135443089,2
Rainbows,2017,0.06666666666666667,0.044095855184409845,2
South Selkirks,1995,0.18181818181818182,0.05348621867405019,1
South Selkirks,1996,0.18181818181818182,0.06176056549879613,1
South Selkirks,1997,0.21875,0.06619676138565027,1
South Selkirks,2000,0.21428571428571427,0.07037031186741272,1
South Selkirks,2002,0.36,0.08231932086840424,1
South Selkirks,2003,0.1111111111111111,0.05737753105492469,1
South Selkirks,2004,0.07142857142857142,0.047020042043170236,1
South Selkirks,2006,0.20833333333333334,0.07541392800006155,1
South Selkirks,2007,0.10810810810810811,0.048494592373762746,1
South Selkirks,2008,0.12195121951219512,0.048247351711886856,1
South Selkirks,2009,0.12195121951219512,0.048247351711886856,1
South Selkirks,2010,0.075,0.0401668033707346,1
South Selkirks,2011,0.09090909090909091,0.04791329788133908,1
South Selkirks,2012,0.045454545454545456,0.04343332208663223,1
South Selkirks,2013,0.17391304347826086,0.07294526024416183,1
South Selkirks,2014,0.058823529411764705,0.0554593553871802,1
South Selkirks,2015,0.07692307692307693,0.07121693075173473,1
South Selkirks,2016,0.2,0.11547005383792516,1
South Selkirks,2017,0.2222222222222222,0.12535023884839247,1
South Selkirks,2018,0,0,1
Takla,2004,0.10909090909090909,0.02822481216372005,1
Takla,2012,0.2222222222222222,0.05117402071909314,1
Takla,2015,0.21818181818181817,0.050457387429585734,1
Takla,2017,0.14285714285714285,0.06185895741317419,1
Takla,2018,0.05405405405405406,0.03620887173281533,1
Takla,2020,0.15625,0.0596919881219075,1
Telkwa,1984,0.2979103444951333,0.05761015199304191,1
Telkwa,1987,0.27237517210983614,0.06176056549879613,1
Telkwa,1996,0.30339641715989335,0.23570226039551584,1
Telkwa,1999,0.05354054420468706,0.0392156862745098,1
Telkwa,2004,0.3925406892171169,0.05685817384912332,1
Telkwa,2013,0.34132096930488004,0.14596855203028555,1
Telkwa,2014,0.3309779096289746,0.12420546382981332,1
Wells Gray North,1992,0.12418300653594772,0.025146268323601433,1
Wells Gray North,2008,0.08266908082020659,0.031980107453341566,1
Wells Gray North,2010,0.10497237569060773,0.02167408314467738,1
Wells Gray North,2011,0.13690476190476192,0.024872643993513743,1
Wells Gray North,2012,0.16494845360824742,0.024687467823256305,1
Wells Gray North,2013,0.1320754716981132,0.025235726600929407,1
Wells Gray North,2015,0.08609271523178808,0.02190344103935892,1
Wells Gray North,2018,0.1875,0.02831623581139124,1
Wells Gray North,2020,0.15428571428571428,0.025415520386179447,1
Wells Gray South,1995,0.26666666666666666,0.030588764516074902,1
Wells Gray South,1999,0.20481927710843373,0.040356949938419824,1
Wells Gray South,2006,0.2331288343558282,0.029823675938858957,1
Wells Gray South,2008,0.19548872180451127,0.031450558328802274,1
Wells Gray South,2010,0.24193548387096775,0.04880423463571344,1
Wells Gray South,2011,0.1292517006802721,0.026038166906535244,1
Wells Gray South,2013,0.1827956989247312,0.03685122810083196,1
Wells Gray South,2015,0.23404255319148937,0.055595000470939494,1
Wells Gray South,2017,0.29473684210526313,0.04110931649309081,1
Wells Gray South,2018,0.2777777777777778,0.04669713751009953,1
Wells Gray South,2019,0.25555555555555554,0.04103170731440416,1
Wells Gray South,2020,0.21568627450980393,0.03693561371450078,1
Wolverine,1998,0.19553072625698323,0.02711161262267276,1
Wolverine,2001,0.15440710516173145,0.03279175075040725,1
A La Peche,1998,0.15574408801602066,0.022282817918159684,1
A La Peche,1999,0.1594718104849717,0.035016053541816174,1
A La Peche,2000,0.10771899461970921,0.027373195656861197,1
A La Peche,2002,0.1139985772657012,0.036081111050393105,1
A La Peche,2003,0.09499881438808434,0.03023396596057474,1
A La Peche,2004,0.0369501202474584,0.020184104650151673,1
A La Peche,2005,0.14760977069178216,0.04695301415158426,1
A La Peche,2006,0.07293105701301623,0.037040539149598754,1
A La Peche,2007,0.0879981325277932,0.03545621041711673,1
A La Peche,2008,0.06975461724764097,0.03076566176107986,1
A La Peche,2009,0.18971405022575652,0.04473059062438139,1
A La Peche,2010,0.0538594973098546,0.032779625922580685,1
A La Peche,2011,0.1612368883525457,0.05117402071909314,1
A La Peche,2012,0.09954273358230958,0.03463824797044366,1
A La Peche,2013,0.1199135977842046,0.040608529432145594,1
A La Peche,2014,0.09107051131615128,0.033754630395226935,1
A La Peche,2015,0.3305419740340013,0.052204747981463684,1
A La Peche,2016,0.20153089367130195,0.0468081788683811,1
A La Peche,2017,0.2229972169320296,0.044001193398822774,1
A La Peche,2018,0.29108797019371807,0.045182893650269194,1
A La Peche,2019,0.300041319777645,0.050730902124724295,1
A La Peche,2020,0.31298925386082405,0.05686215926591321,1
Narraway AB,2005,0.09046862181584119,0.049690399499995326,1
Narraway AB,2006,0.11198979176322191,0.036040188174468475,1
Narraway AB,2007,0.01846164323184559,0.01386206560167344,1
Narraway AB,2008,0.01271832012618563,0.015149721966687107,1
Narraway AB,2009,0.11625339490341552,0.040687517754557076,1
Narraway AB,2010,0.16040269412875904,0.044212875354025745,1
Narraway AB,2011,0.11171497408136026,0.03730084104553266,1
Narraway AB,2012,0.07712889177867528,0.044444444444444446,1
Narraway AB,2013,0.06052781602440802,0.03380853781670873,1
Narraway AB,2014,0.06737195069854604,0.04315870114235489,1
Narraway AB,2015,0.1424982215821265,0.06299407883487121,1
Narraway AB,2016,0.17404017014780332,0.08500766874602614,1
Narraway AB,2017,0.136675713603502,0.07564093584889488,1
Narraway AB,2018,0.1307699728922396,0.05816453757196322,1
Narraway AB,2019,0.4353027864769072,0.0828078671210825,1
Narraway AB,2020,0.25304890925977636,0.04949037734126894,1
Redrock/Prairie Creek,2003,0.08473894243417124,0.03045532256983993,1
Redrock/Prairie Creek,2004,0.14797254208528157,0.0458076664934532,1
Redrock/Prairie Creek,2005,0.11623238348253404,0.03395233700852177,1
Redrock/Prairie Creek,2006,0.042334192723149665,0.021954780176963593,1
Redrock/Prairie Creek,2007,0.09177502790704467,0.03557487426988602,1
Redrock/Prairie Creek,2008,0.14401072506701734,0.03053697586416088,1
Redrock/Prairie Creek,2009,0.12614378470936174,0.0359110043514518,1
Redrock/Prairie Creek,2010,0.1254844966359679,0.030892474195285794,1
Redrock/Prairie Creek,2011,0.11289671013956984,0.030222908479552557,1
Redrock/Prairie Creek,2012,0.11847655067360827,0.03306500356330541,1
Redrock/Prairie Creek,2013,0.12306485415751013,0.034887557012049465,1
Redrock/Prairie Creek,2014,0.10830306352934359,0.036100249611021006,1
Redrock/Prairie Creek,2015,0.16332902736745025,0.036219224344389546,1
Redrock/Prairie Creek,2016,0.09999787787249229,0.031082338581586114,1
Redrock/Prairie Creek,2017,0.2620792034046533,0.047077416695974754,1
Redrock/Prairie Creek,2018,0.2330320916939709,0.0454029804402663,1
Redrock/Prairie Creek,2019,0.2074674869171766,0.04880423463571344,1
Redrock/Prairie Creek,2020,0.18847629544966912,0.037091209952591235,1
Tonquin,2004,0.1509433962264151,0.045836396047863166,2
Tonquin,2005,0.32608695652173914,0.060021069157056885,2
Tonquin,2006,0.29411764705882354,0.05608603466150543,2
Tonquin,2007,0.35714285714285715,0.054963126004561824,2
Tonquin,2008,0.1935483870967742,0.04592699979447576,2
Tonquin,2009,0.5538461538461539,0.049462516232389245,2
Tonquin,2010,0.14772727272727273,0.035306848074962205,2
Tonquin,2011,0.16666666666666666,0.040662503039522215,2
Tonquin,2012,0.2903225806451613,0.05074881523403959,2
Tonquin,2013,0.13636363636363635,0.048532173872869594,2
Tonquin,2014,0.38461538461538464,0.06620484352491311,2
Tonquin,2015,0.28888888888888886,0.059514138969954326,2
Tonquin,2016,0.1388888888888889,0.05400965709314847,2
Tonquin,2017,0.26666666666666666,0.07173701157986272,2
Tonquin,2018,0.3125,0.07152151690891617,2
Tonquin,2019,0.38235294117647056,0.07088485862240662,2
Tonquin,2020,0.1935483870967742,0.06495058598845396,2
Tweedsmuir,1986,0.08184239001200452,0.033184668481427114,1
Tweedsmuir,1987,0.09258937051863138,0.027243512167557996,1
Tweedsmuir,1988,0.08101569920380246,0.026807959017177467,1
Tweedsmuir,1990,0.11987016718929955,0.038648087906068274,1
Tweedsmuir,1993,0.1140833315318851,0.04528758678977474,1
Tweedsmuir,1997,0.10333635102525823,0.04133986423538423,1
Tweedsmuir,1998,0.07440217273818593,0.03496266665604173,1
Tweedsmuir,1999,0.07440217273818593,0.0324037034920393,1
Tweedsmuir,2000,0.062828501423357,0.027627963150150734,1
Tweedsmuir,2001,0.06117511980695287,0.02518891584569454,1
Tweedsmuir,2002,0.1744317605306359,0.03365278894953036,1
Tweedsmuir,2003,0.18848550427007102,0.043740340548563954,1
Tweedsmuir,2007,0.13061714769592642,0.0352608437619371,1
Tweedsmuir,2008,0.08514915324481277,0.02810100828558767,1
Tweedsmuir,2009,0.06117511980695287,0.031744383477285254,1
